department,total_feedback,avg_compound_sentiment,negative_feedback_count,high_stress_count,medium_stress_count,negative_feedback_pct,high_stress_pct
Engineering,3716,0.1876107104413348,873,631,413,23.49,16.98
IT,3773,0.18822231645905116,921,609,459,24.41,16.14
Customer Support,3711,0.1855740501212611,912,597,468,24.58,16.09
Sales,3849,0.19306853728241102,924,606,464,24.01,15.74
Marketing,3735,0.20650647925033466,843,583,402,22.57,15.61
HR,3757,0.20713351077987757,859,561,434,22.86,14.93
Finance,3674,0.20063184540010887,850,546,436,23.14,14.86
Operations,3785,0.198200607661823,872,561,450,23.04,14.82
